,hashtag,number
0,#エッセイ,965011
1,#写真,845382
2,#毎日note,798108
3,#イラスト,559826
4,#小説,540348
5,#コラム,393639
6,#毎日更新,323686
7,#マンガ,320172
8,#競艇予想屋,317235
9,#スキしてみて,297564
10,#音楽,288991
11,#note,272427
12,#詩,266905
13,#ビジネス,239422
14,#毎日投稿,206388
15,#人生,204365
16,#仕事,195817
17,#子育て,188835
18,#日常,179876
19,#絵,179781
20,#note毎日更新,175445
21,#読書,171759
22,#競輪予想,164379
23,#自己紹介,146715
24,#大学生,146250
25,#ブログ,143875
26,#映画,142981
27,#恋愛,141278
28,#いま私にできること,139386
29,#つぶやき,127709
30,#育児,127529
31,#生き方,126451
32,#ダイエット,117500
33,#最近の学び,116525
34,#ラジオ,113442
35,#youtube,111463
36,#猫,110693
37,#副業,108298
38,#教育,107392
39,#漫画,106569
40,#ボートレース予想,105730
41,#地方競馬予想,104758
42,#音声配信,102177
43,#投資,101697
44,#新型コロナウイルス,100975
45,#ゲーム,100777
46,#習慣にしていること,100645
47,#健康,100007
48,#料理,97545
49,#おうち時間を工夫で楽しく,96472
50,#ギャンブル,93186
51,#予想,92559
52,#オリジナル,92481
53,#読書感想文,91505
54,#英語,90996
55,#創作,90018
56,#私の仕事,89605
57,#短編小説,89313
58,#本,89275
59,#アート,87722
60,#動画,87392
61,#デザイン,86897
62,#言葉,85728
63,#起業,85518
64,#ライフスタイル,83841
65,#競艇投資,83070
66,#勉強,78811
67,#幸せ,78629
68,#人間関係,77203
69,#雑記,76811
70,#お金,76513
71,#ショートショート,76426
72,#夢,76097
73,#旅,75873
74,#的中,75385
75,#コミュニケーション,74344
76,#感謝,73183
77,#マーケティング,72726
78,#旅行,72455
79,#転職,72167
80,#スピリチュアル,71792
81,#note初心者,70195
82,#家族,69216
83,#自己啓発,68746
84,#中央競馬予想,68549
85,#心理学,67766
86,#フリーランス,66855
87,#哲学,65733
88,#考え方,64457
89,#生活,64033
90,#ポエム,62885
91,#占い,62769
92,#筋トレ,61590
93,#万舟,61507
94,#ひとりごと,61410
95,#海外生活,60277
96,#サッカー,59286
97,#就活,57995
98,#コーチング,56832
99,#競輪,56775
100,#短歌,56016
101,#自分と向き合う,55289
102,#英語学習,55018
103,#スポーツ,54610
104,#ありがとう,52733
105,#現代詩,52028
106,#花,51647
107,#アニメ,50846
108,#ファッション,50666
109,#競艇確率,49931
110,#働き方,49728
111,#HSP,49348
112,#心,49100
113,#思い出,48892
114,#とは,48651
115,#SNS,47909
116,#悩み,47745
117,#学び,46698
118,#海外,45379
119,#Twitter,45033
120,#カメラ,44614
121,#コロナ,44587
122,#4コマ漫画,44553
123,#発達障害,44169
124,#経営,43302
125,#愛,43132
126,#DTM,42953
127,#メンタル,42603
128,#万馬券予想,41742
129,#思考,41690
130,#グルメ,41219
131,#note書き初め,41217
132,#映画レビュー,40887
133,#自由詩,40857
134,#趣味,40554
135,#写真好きな人と繋がりたい,40401
136,#自己肯定感,40073
137,#ライター,39967
138,#成長,39695
139,#子ども,39611
140,#習慣,39491
141,#私のイチオシ,39292
142,#結婚,38714
143,#キャリア,38299
144,#カフェ,37828
145,#映画感想,37530
146,#夫婦,37412
147,#コーヒー,37197
148,#海外旅行,37104
149,#あたらしい自分へ,36927
150,#継続,36694
151,#東京,36648
152,#散歩,36276
153,#買ってよかったもの,36092
154,#お笑い,35964
155,#空,35960
156,#自分にとって大切なこと,35854
157,#感想,35587
158,#介護,35375
159,#生きる,35068
160,#うつ病,34843
161,#社会人,34715
162,#挑戦,34709
163,#夏,34288
164,#JRA,34277
165,#学校,34049
166,#noteでよかったこと,34024
167,#勝負レース,33875
168,#プログラミング,33748
169,#俳句,33519
170,#ピアノ,33349
171,#留学,33268
172,#株,33261
173,#犬,33225
174,#絵本,33080
175,#自然,32997
176,#連載小説,32975
177,#万馬券,32884
178,#目標,32847
179,#美容,32821
180,#推薦図書,32769
181,#カメラのたのしみ方,32634
182,#高校生,32620
183,#株式投資,32617
184,#歴史,32549
185,#暮らし,32511
186,#ギター,32471
187,#ハンドメイド,31954
188,#朝活,31766
189,#毎日,31218
190,#経済,31200
191,#スタートアップ,30959
192,#リモートワーク,30894
193,#うつ,30826
194,#物語,30747
195,#レシピ,30522
196,#資産運用,30399
197,#ニュース,30298
198,#京都,30297
199,#文章,30265
200,#経営者,30195
201,#振り返りnote,30135
202,#読書記録,30107
203,#食事,30045
204,#ねこ,29981
205,#イベント,29976
206,#アウトプット,29755
207,#ヨガ,29640
208,#名言,29304
209,#アメリカ,29295
210,#気づき,29132
211,#記録,29047
212,#ミッドナイト競輪,28965
213,#仮想通貨,28923
214,#今日のつぶやき,28888
215,#コミックエッセイ,28806
216,#日本,28744
217,#無料競艇予想,28694
218,#癒し,28671
219,#価値観,28479
220,#SDGs,28238
221,#初投稿,28223
222,#クリスマス,28164
223,#短編,28136
224,#婚活,28081
225,#子供,27914
226,#中国,27860
227,#ストレス,27824
228,#おうち時間,27813
229,#トレーニング,27809
230,#大井競馬予想,27777
231,#私の作品紹介,27764
232,#瞑想,27760
233,#海,27667
234,#noteのつづけ方,27625
235,#園田競馬,27506
236,#サラリーマン,27459
237,#沖縄,27250
238,#AI,27080
239,#コンテンツ会議,27019
240,#Vtuber,27000
241,#ART,26982
242,#未来,26850
243,#photo,26809
244,#雑談,26797
245,#写真日記,26789
246,#誕生日,26707
247,#自分,26652
248,#営業,26538
249,#北海道,26410
250,#おすすめ本,26225
251,#大学生ブログ,26096
252,#フォロバ100,25987
253,#宇宙,25975
254,#ボート予想,25960
255,#ゆたかさって何だろう,25659
256,#ビジネススキル,25576
257,#感情,25499
258,#野球,25133
259,#ライブ,25054
260,#ギャンブル予想,24645
261,#政治,24633
262,#COMEMO,24600
263,#ショートストーリー,24567
264,#書評,24393
265,#東京競馬予想,24355
266,#激アツレース,24297
267,#秋,23968
268,#行動,23712
269,#川崎競馬,23691
270,#恋,23570
271,#独り言,23537
272,#アイドル,23524
273,#阪神競馬予想,23416
274,#育児日記,23352
275,#人生哲学,23349
276,#youtube動画,23308
277,#ランニング,23216
278,#大学受験,23182
279,#友達,23129
280,#英会話,23090
281,#学生,22850
282,#穴予想,22839
283,#歌詞,22798
284,#ネットビジネス,22790
285,#ラーメン,22770
286,#メモ,22749
287,#春,22707
288,#初心者,22697
289,#オンライン,22693
290,#この街がすき,22622
291,#不登校,22595
292,#鬱,22595
293,#時間,22498
294,#園田競馬予想,22467
295,#文学,22439
296,#眠れない夜に,22356
297,#タロット,22318
298,#桜,22268
299,#演劇,22162
300,#エンジニア,22147
301,#ドラマ,22032
302,#社会,21880
303,#潜在意識,21867
304,#不安,21864
305,#中山競馬予想,21817
306,#芸術,21767
307,#ADHD,21700
308,#読書日記,21696
309,#ファンタジー,21627
310,#大学,21515
311,#相互フォロー,21438
312,#競馬女子,21339
313,#絵日記,21212
314,#運動,21174
315,#高知競馬,21085
316,#マインドフルネス,20994
317,#備忘録,20987
318,#プロ野球,20878
319,#睡眠,20859
320,#動物,20792
321,#バンド,20768
322,#イラストレーター,20689
323,#看護師,20555
324,#仕事術,20463
325,#振り返り,20403
326,#恋愛小説,20394
327,#1000日チャレンジ,20369
328,#IT,20363
329,#コミュニティ,20348
330,#就職活動,20203
331,#自由,20179
332,#カウンセリング,20137
333,#マネジメント,20128
334,#出会い,20057
335,#インタビュー,20048
336,#成功,19980
337,#ランチ,19942
338,#アラサー,19940
339,#ワーママ,19859
340,#船橋競馬,19836
341,#在宅ワーク,19749
342,#テレワーク,19732
343,#田舎暮らし,19675
344,#小学生,19673
345,#西野亮廣エンタメ研究所,19585
346,#ポジティブ,19570
347,#パパの子育て,19542
348,#作曲,19453
349,#風景,19420
350,#大阪,19402
351,#掌編小説,19371
352,#404美術館,19309
353,#コロナに負けるな,19259
354,#理学療法士,19254
355,#つくるのはたのしい,19215
356,#笑顔,19153
357,#旅行記,19118
358,#楽しい,19094
359,#挑戦している君へ,19082
360,#illustration,19068
361,#おすすめ,19002
362,#西洋占星術,18991
363,#自己分析,18985
364,#断捨離,18972
365,#勉強法,18937
366,#メッセージ,18929
367,#体験談,18827
368,#学校教育,18799
369,#浦和競馬,18785
370,#おうちごはん,18768
371,#ダイエット日記,18697
372,#競馬予想中,18687
373,#大学生日記,18650
374,#女性,18630
375,#双極性障害,18595
376,#無料,18591
377,#移住,18575
378,#好き,18547
379,#会社,18542
380,#Jリーグ,18473
381,#雨,18420
382,#カレー,18412
383,#一人旅,18410
384,#住之江競艇,18344
385,#Amazon,18342
386,#noteの書き方,18305
387,#受験,18275
388,#オンラインサロン,18267
389,#詩のようなもの,18225
390,#kindle,18205
391,#マインド,18170
392,#米国株,18136
393,#農業,18126
394,#自分らしさ,18097
395,#超短編小説,18015
396,#SF,18012
397,#オートレース予想,17993
398,#採用,17993
399,#独立,17955
400,#飲食店,17923
401,#メンタルヘルス,17862
402,#親子,17849
403,#競馬場,17834
404,#建築,17832
405,#習慣化,17801
406,#川崎競馬予想,17688
407,#人生観,17543
408,#チャレンジ,17527
409,#エッセイ漫画,17491
410,#神社,17472
411,#Webデザイン,17468
412,#モチベーション,17463
413,#エンタメ,17442
414,#整体,17397
415,#クリエイター,17375
416,#デザイナー,17217
417,#渋谷のラジオ,17211
418,#風の時代,17201
419,#福岡,17195
420,#韓国,17170
421,#ペット,17123
422,#連載,17120
423,#お酒,17117
424,#note映画部,17099
425,#競馬はロマン,17030
426,#人事,17020
427,#ワクチン,17009
428,#先生,17000
429,#歌,17000
430,#休日のすごし方,16975
431,#ライフハック,16968
432,#夢日記,16949
433,#nikkei,16941
434,#散文,16917
435,#美容師,16909
436,#ネコ,16862
437,#レビュー,16838
438,#精神疾患,16808
439,#中京競馬予想,16761
440,#スマホ,16717
441,#引き寄せ,16693
442,#スイーツ,16693
443,#LGBT,16654
444,#テクノロジー,16639
445,#努力,16564
446,#医療,16550
447,#考えたこと,16523
448,#Instagram,16501
449,#万車,16493
450,#イベントレポ,16480
451,#フランス,16449
452,#日常生活,16357
453,#失敗,16324
454,#やりたいこと,16289
455,#花写真,16283
456,#はじめまして,16268
457,#ミニマリスト,16265
458,#広告,16241
459,#クラウドファンディング,16232
460,#働き方改革,16179
461,#考察,16153
462,#人生を変えた出会い,16132
463,#冬,16068
464,#食,16062
465,#弾き語り,16060
466,#変化,16040
467,#起業家,15950
468,#夏休み,15948
469,#自分軸,15940
470,#お弁当,15820
471,#朝,15772
472,#妊娠,15771
473,#FXトレード,15767
474,#競艇予想師,15724
475,#台湾,15706
476,#music,15666
477,#競馬投資,15645
478,#子どもに教えられたこと,15602
479,#お金について考える,15471
480,#競馬好きな人と繋がりたい,15453
481,#ママ,15437
482,#言葉の力,15408
483,#ビットコイン,15395
484,#競馬初心者,15384
485,#競馬好き,15226
486,#朗読,15209
487,#随筆,15208
488,#鬼滅の刃,15182
489,#マスク,15040
490,#電子書籍,15036
491,#TOEIC,15001
492,#ZOOM,14962
493,#自分の人生,14958
494,#テレビ,14927
495,#生きづらさ,14921
496,#マインドセット,14916
497,#毎日更新倶楽部,14890
498,#猫写真,14890
499,#ブランディング,14865
500,#現代短歌,14864
501,#4コマ,14850
502,#好きなことを仕事にする,14848
503,#競馬新聞,14813
504,#馬券,14798
505,#スタエフ,14728
506,#中学生,14728
507,#ナンバーズ,14722
508,#イタリア,14706
509,#自炊,14705
510,#絵画,14683
511,#植物,14652
512,#人間,14640
513,#はたらくってなんだろう,14637
514,#転職活動,14585
515,#自転車,14572
516,#青春,14462
517,#2021年,14422
518,#はたらくを自由に,14397
519,#オリンピック,14395
520,#ロック,14388
521,#イギリス,14338
522,#webライター,14278
523,#これからの仕事術,14264
524,#観光,14263
525,#キャンプ,14258
526,#個人事業主,14248
527,#不動産,14247
528,#主婦,14246
529,#適応障害,14239
530,#自己成長,14232
531,#スキ,14206
532,#書くこと,14169
533,#離婚,14137
534,#音楽レビュー,14131
535,#海外移住,14115
536,#新卒,14081
537,#予想屋tibby,14048
538,#教師,14048
539,#気持ち,14038
540,#リハビリ,13994
541,#プレゼント,13978
542,#イラストエッセイ,13964
543,#記憶,13943
544,#英語勉強,13938
545,#みんなのフォトギャラリー,13796
546,#現代アート,13772
547,#母,13756
548,#アラフォー,13749
549,#ビール,13740
550,#note大学,13735
551,#オラクルカード,13678
552,#アプリ,13676
553,#競馬ブログ,13673
554,#病気,13666
555,#船橋競馬予想,13660
556,#ポッドキャスト,13656
557,#ヒーリング,13622
558,#競馬ファン,13619
559,#麻雀,13585
560,#競馬大好き,13554
561,#アフィリエイト,13535
562,#オリジナル曲,13533
563,#マッチングアプリ,13519
564,#大村競艇,13483
565,#開運,13456
566,#子育て日記,13448
567,#ワイン,13440
568,#SNSマーケティング,13437
569,#手作り,13428
570,#お菓子,13425
571,#競艇好きとつながりたい,13413
572,#企画,13413
573,#名古屋競馬,13391
574,#iphone,13356
575,#副業収入,13344
576,#会社員,13311
577,#休日,13297
578,#緊急事態宣言,13289
579,#情報,13259
580,#美味しい,13257
581,#蒲郡競艇,13229
582,#日経COMEMO,13221
583,#稼ぐ,13205
584,#ベンチャー,13203
585,#一度は行きたいあの場所,13174
586,#ノンフィクション,13163
587,#python,13147
588,#簡単レシピ,13136
589,#新潟競馬予想,13069
590,#noteはじめました,13052
591,#アイデア,13052
592,#洋楽,13041
593,#会話,13029
594,#おはよう,13023
595,#失恋,13009
596,#毒親,13004
597,#丸亀競艇,12989
598,#女性起業家,12976
599,#数学,12957
600,#阪神競馬,12951
601,#月,12947
602,#オーストラリア,12946
603,#雲,12924
604,#ドイツ,12803
605,#新宿租界,12774
606,#無料予想,12769
607,#恋愛コラム,12758
608,#芸人,12743
609,#夏のオススメ,12734
610,#タロット占い,12701
611,#stand_fm,12699
612,#幸せになる方法,12660
613,#中学受験,12655
614,#自由律俳句,12636
615,#過去,12636
616,#舞台,12617
617,#退職,12603
618,#キャリアコンサルタント,12596
619,#タイ,12582
620,#保育園,12540
621,#為替,12528
622,#ライティング,12528
623,#環境,12502
624,#オリジナル小説,12491
625,#日本酒,12453
626,#健康管理,12430
627,#赤ちゃん,12404
628,#youtuber,12400
629,#世界,12372
630,#キャラクター,12356
631,#旅日記,12352
632,#研究,12349
633,#出産,12349
634,#海外留学,12333
635,#美術,12329
636,#自分らしく生きる,12315
637,#休職,12296
638,#高知競馬予想,12291
639,#脳科学,12282
640,#浦和競馬予想,12270
641,#学習,12261
642,#継続は力なり,12221
643,#連続投稿,12206
644,#野菜,12193
645,#DX,12162
646,#パーソナルトレーナー,12139
647,#節約,12130
648,#FX初心者,12111
649,#小学校,12105
650,#新社会人,12096
651,#作詞,12076
652,#ライブ配信,12054
653,#まんが,12041
654,#メディア,12019
655,#アラフィフ,12013
656,#セックス,11991
657,#競馬っていいよね,11984
658,#仲間,11977
659,#中山競馬,11962
660,#無職,11960
661,#資格,11932
662,#今を生きる,11909
663,#一人暮らし,11906
664,#東京競馬,11890
665,#エネルギー,11885
666,#DIY,11870
667,#孤独,11859
668,#在宅勤務,11853
669,#手紙,11842
670,#自信,11837
671,#アーティスト,11832
672,#いじめ,11821
673,#死,11820
674,#LINE,11798
675,#コロナ禍,11792
676,#保護猫,11778
677,#表現,11756
678,#ダンス,11752
679,#マラソン,11746
680,#プログラミング初心者,11740
681,#読書メモ,11735
682,#コロナウイルス,11730
683,#netflix,11711
684,#フォロー,11677
685,#japan,11616
686,#クリエイティブ,11582
687,#応援,11577
688,#穴馬,11568
689,#幸福,11562
690,#経験,11518
691,#創作大賞2022,11516
692,#インド,11496
693,#夜,11465
694,#人材育成,11446
695,#舟券,11429
696,#フォローお願いします,11407
697,#boatrace,11375
698,#パチスロ,11364
699,#新型コロナウイルス対策,11354
700,#サウナ,11352
701,#妄想,11349
702,#ASD,11330
703,#心理,11302
704,#ニューヨーク,11294
705,#データ予想,11282
706,#下関競艇,11271
707,#ワークショップ,11261
708,#雨の日をたのしく,11251
709,#占い師,11248
710,#Webマーケティング,11247
711,#フード,11247
712,#カルチャー,11199
713,#大人の発達障害,11197
714,#パン,11186
715,#不倫,11185
716,#思ったこと,11185
717,#登山,11182
718,#情報発信,11180
719,#ミッドナイト競輪予想,11179
720,#女の子,11156
721,#かわいい,11151
722,#芦屋競艇,11150
723,#今日は何の日,11125
724,#買い物,11108
725,#集客,11095
726,#手帳,11090
727,#将棋,11083
728,#川柳,11067
729,#記事,11059
730,#カードリーディング,11056
731,#オートレース,11043
732,#光,11036
733,#フィルムカメラ,11031
734,#門別競馬,11019
735,#就活生,11012
736,#掃除,11009
737,#ポケモン,11003
738,#統合失調症,10991
739,#今日の占い,10976
740,#やさしさにふれて,10975
741,#2020年,10958
742,#ビジネス書,10944
743,#ごはん,10943
744,#札幌,10917
745,#病院,10913
746,#働く,10902
747,#出版,10891
748,#私のコーヒー時間,10889
749,#宝くじ,10880
750,#アラサー女子,10880
751,#名古屋,10870
752,#競馬ファイナンス,10866
753,#徳山競艇,10848
754,#相談,10837
755,#アウトドア,10825
756,#コンサル,10824
757,#家事,10805
758,#ランキング,10799
759,#練習,10795
760,#希望,10768
761,#多様性,10761
762,#温泉,10752
763,#仏教,10749
764,#東京オリンピック,10708
765,#ネタバレ,10701
766,#紅葉,10691
767,#無料ボートレース予想,10688
768,#福祉,10661
769,#オープン社内報,10649
770,#映画鑑賞,10641
771,#我が家のペット自慢,10627
772,#ストレッチ,10605
773,#ジャズ,10603
774,#ホテル,10588
775,#映画感想文,10579
776,#家庭料理,10577
777,#ベトナム,10562
778,#地方創生,10552
779,#幽霊物書き,10551
780,#ほぼ毎日note,10538
781,#認知症,10521
782,#南関競馬,10511
783,#格言,10479
784,#アニメ感想,10477
785,#日本語,10440
786,#ご飯,10432
787,#リラックス,10428
788,#カナダ,10405
789,#アダルトチルドレン,10401
790,#YouTubeチャンネル,10400
791,#糖質制限,10391
792,#妊活,10385
793,#好きなこと,10374
794,#トレード,10373
795,#呟き,10367
796,#面接,10342
797,#女性の生き方,10331
798,#お知らせ,10296
799,#若松競艇,10285
800,#不妊治療,10270
801,#長編小説,10266
802,#自殺,10256
803,#読書好きな人と繋がりたい,10255
804,#パチンコ,10247
805,#ボードゲーム,10227
806,#英語教育,10211
807,#食べ物,10209
808,#COVID19,10200
809,#写真家,10183
810,#中京競馬,10165
811,#金融,10164
812,#オンライン授業,10119
813,#やる気,10118
814,#お笑い芸人,10108
815,#渋谷,10097
816,#組織,10088
817,#本好き,10085
818,#私らしいはたらき方,10084
819,#ポケカ,10073
820,#想い,10065
821,#メルカリ,10062
822,#翻訳,10058
823,#夢を叶える,10049
824,#家庭菜園,10044
825,#恋人,10037
826,#podcast,10031
827,#車,10018
828,#おやつ,10014
829,#公開ダイエット,9992
830,#飲食店経営,9981
831,#ネガティブ,9980
832,#聖書,9974
833,#動画編集,9963
834,#占星術,9946
835,#フィットネス,9943
836,#風景写真,9939
837,#公園,9926
838,#ツイッター,9919
839,#雪,9916
840,#鳥,9914
841,#オタク,9900
842,#おいしいはたのしい,9893
843,#インテリア,9887
844,#入院,9878
845,#デート,9846
846,#ホラー,9844
847,#美術館,9841
848,#名古屋競馬予想,9835
849,#音楽制作,9813
850,#4コママンガ,9811
851,#あなたに出会えてよかった,9804
852,#栄養,9801
853,#中国語,9800
854,#外出自粛,9794
855,#雑学,9790
856,#ボートレース住之江,9786
857,#地方競馬場予想,9771
858,#ネット副業,9763
859,#子どもの成長記録,9734
860,#世界一周,9731
861,#繊細さん,9707
862,#新型コロナワクチン,9706
863,#落書き,9704
864,#オリジナルイラスト,9689
865,#Nikon,9688
866,#ジェンダー,9681
867,#マンガ感想文,9656
868,#直前予想,9639
869,#VR,9631
870,#シングルマザー,9615
871,#美容室,9595
872,#スキンケア,9587
873,#ヨーロッパ,9584
874,#文化,9576
875,#cakesコンテスト,9575
876,#ネットラジオ,9573
877,#まとめ,9573
878,#読書の秋2020,9569
879,#朝ごはん,9565
880,#ロードバイク,9559
881,#目標設定,9558
882,#HSP気質,9554
883,#女子大生,9548
884,#複業,9534
885,#息子,9524
886,#保育士,9523
887,#20代,9516
888,#今日のメッセージ,9497
889,#セミナー,9493
890,#考察コラム,9490
891,#iPad,9456
892,#グラフィックデザイン,9454
893,#遊び,9451
894,#バックパッカー,9450
895,#心の声,9449
896,#リモートオフィス,9446
897,#みんなでつくる秋アルバム,9428
898,#一人じゃ気づけなかったこと,9411
899,#漫才,9408
900,#夫婦関係,9381
901,#スナップ,9379
902,#不動産投資,9364
903,#作家,9363
904,#満月,9337
905,#小倉競輪,9333
906,#パニック障害,9328
907,#意識,9326
908,#祈り,9320
909,#ニート,9318
910,#この春やりたいこと,9302
911,#イラストレーション,9292
912,#自閉症スペクトラム,9291
913,#高校,9287
914,#ウォーキング,9286
915,#語学,9278
916,#星読み,9276
917,#科学,9259
918,#読書の秋2021,9251
919,#ドル円,9246
920,#スキありがとう,9244
921,#ハワイ,9229
922,#愚痴,9221
923,#シンガーソングライター,9212
924,#バイト,9207
925,#まちづくり,9196
926,#新規事業,9191
927,#ポートレート,9188
928,#インターン,9166
929,#電車,9150
930,#大人,9144
931,#片付け,9141
932,#応援したいスポーツ,9126
933,#性格,9106
934,#プロフィール,9106
935,#アルバイト,9093
936,#人間関係の悩み,9092
937,#広島,9063
938,#珈琲,9059
939,#インスタ,9041
940,#22卒,9033
941,#犬のいる暮らし,9026
942,#HSS型HSP,9018
943,#ことば,9003
944,#猫がいる生活,8990
945,#株投資,8986
946,#就職,8977
947,#リーダーシップ,8976
948,#パリ,8959
949,#感謝の気持ち,8947
950,#勇気,8943
951,#お絵描き,8939
952,#高配当,8908
953,#桐生競艇,8902
954,#資産形成,8891
955,#ものづくり,8889
956,#対話,8888
957,#脱サラ,8885
958,#梅雨,8867
959,#舟券予想,8866
960,#ワクワク,8855
961,#コンビニ,8853
962,#ツインレイ,8850
963,#食生活,8850
964,#教員,8843
965,#選挙,8841
966,#高齢者,8835
967,#アナログ絵,8814
968,#eスポーツ,8789
969,#アメリカ生活,8775
970,#感動,8773
971,#結婚式,8770
972,#恋愛相談,8761
973,#推し,8756
974,#ボランティア,8737
975,#english,8710
976,#命,8693
977,#宗教,8676
978,#社長,8675
979,#穴党,8673
980,#三連単,8660
981,#apple,8657
982,#フォトグラファー,8649
983,#親,8647
984,#セルフケア,8646
985,#思想,8645
986,#娘,8632
987,#小倉競馬予想,8624
988,#知識,8610
989,#リーダー,8595
990,#ラグビー,8572
991,#育休,8552
992,#今私にできること,8539
993,#日本株,8507
994,#Spotify,8505
995,#スペイン,8502
996,#チームビルディング,8497
997,#酒,8493
998,#Clubhouse,8490
999,#自己実現,8489
1000,#ブロックチェーン,8482
1001,#アパレル,8481
1002,#精神科,8480
1003,#宇宙の法則,8479
1004,#40代,8467
1005,#こども,8462
1006,#tanka,8461
1007,#クッキーズ,8455
1008,#着物,8431
1009,#喫茶店,8425
1010,#資格試験,8413
1011,#声優,8412
1012,#落語,8411
1013,#note新エディタ,8403
1014,#イノベーション,8398
1015,#Kindle電子書籍,8393
1016,#怪談,8391
1017,#キリスト教,8380
1018,#京都競馬予想,8375
1019,#徒然,8374
1020,#カップル,8358
1021,#サークル,8354
1022,#本紹介,8339
1023,#データ分析,8332
1024,#パソコン,8301
1025,#西野亮廣,8295
1026,#コミックエッセイ大賞,8273
1027,#レストラン,8269
1028,#毎日更新がんばる,8266
1029,#インターネット,8258
1030,#チョコレート,8246
1031,#地球,8243
1032,#インプット,8230
1033,#引き寄せの法則,8228
1034,#腰痛,8227
1035,#子育てママ,8224
1036,#目標達成,8223
1037,#個性,8219
1038,#雑感,8215
1039,#みんなでつくる冬アルバム,8209
1040,#１日１エッセイ,8179
1041,#MUP,8174
1042,#競艇予想屋tibby,8166
1043,#詩人,8163
1044,#昭和,8155
1045,#ゲーム実況,8136
1046,#編集,8134
1047,#福島競馬予想,8127
1048,#ひとり旅,8120
1049,#撮影,8101
1050,#アフターコロナ,8100
1051,#闘病,8098
1052,#朝食,8097
1053,#アロマ,8092
1054,#風俗,8081
1055,#選択,8074
1056,#ファインダー越しの私の世界,8058
1057,#bts,8020
1058,#神戸,8015
1059,#ガジェット,8003
1060,#ケーキ,8003
1061,#散文詩,7990
1062,#keiba,7989
1063,#星占い,7976
1064,#怒り,7974
1065,#シュール,7970
1066,#思うこと,7960
1067,#モテ,7956
1068,#無料競馬予想,7952
1069,#作品,7948
1070,#ワークライフバランス,7947
1071,#バイク,7936
1072,#クラシック音楽,7933
1073,#居酒屋,7916
1074,#パスタ,7906
1075,#魂,7905
1076,#作業療法士,7904
1077,#まいにち日記部,7900
1078,#部活,7900
1079,#上司,7899
1080,#横浜,7894
1081,#ブランド,7883
1082,#父,7882
1083,#おしゃれ,7875
1084,#人工知能,7873
1085,#独学,7863
1086,#指数予想,7862
1087,#佐賀競馬,7844
1088,#コント,7841
1089,#JRDB,7813
1090,#戦略,7807
1091,#国語,7802
1092,#Voicy,7799
1093,#門別競馬予想,7795
1094,#カジノ,7793
1095,#釣り,7783
1096,#激アツ予想,7778
1097,#可愛い,7774
1098,#ディズニー,7773
1099,#田舎,7772
1100,#パートナーシップ,7770
1101,#ジェイソン先生,7767
1102,#セラピスト,7764
1103,#神様,7762
1104,#熟成下書き,7749
1105,#新潟,7742
1106,#オススメ,7735
1107,#日々,7734
1108,#空写真,7721
1109,#日常漫画,7716
1110,#ワーホリ,7715
1111,#優しさ,7706
1112,#毎日投稿挑戦中,7697
1113,#ホロスコープ,7695
1114,#鉄道,7691
1115,#鎌倉,7686
1116,#ハロウィン,7674
1117,#予想屋,7673
1118,#東日本大震災,7663
1119,#脚本,7651
1120,#KPOP,7644
1121,#うさぎ,7640
1122,#アドラー心理学,7627
1123,#戦争,7626
1124,#質問,7622
1125,#唐津競艇,7618
1126,#鍼灸,7592
1127,#奈良,7583
1128,#日本語教師,7577
1129,#ビジネスモデル,7571
1130,#成功法則,7570
1131,#怖い話,7560
1132,#メイク,7558
1133,#カウンセラー,7555
1134,#チャネリング,7548
1135,#メンズファッション,7548
1136,#考える,7534
1137,#オンライン英会話,7529
1138,#ミステリー,7520
1139,#気付き,7516
1140,#note俳句部,7506
1141,#中小企業,7502
1142,#おはようございます,7500
1143,#暗号資産,7498
1144,#LINEスタンプ,7490
1145,#カメラ好きな人と繋がりたい,7478
1146,#公営ギャンブル,7474
1147,#大人の学び,7470
1148,#悩み相談,7458
1149,#早起き,7453
1150,#コスメ,7448
1151,#メンヘラ,7440
1152,#ブログ更新,7437
1153,#デジタル,7429
1154,#家族の物語,7424
1155,#管理栄養士,7419
1156,#読書感想,7384
1157,#思考法,7381
1158,#引っ越し,7381
1159,#ネタ,7373
1160,#筋肉,7368
1161,#塾,7361
1162,#パワハラ,7359
1163,#将来,7357
1164,#平和,7356
1165,#テイクアウト,7354
1166,#メインレース,7353
1167,#行動力,7353
1168,#図書館,7352
1169,#ナンバーズ４,7340
1170,#MUPウサギクラス,7338
1171,#note感想文,7336
1172,#障害者,7329
1173,#前向き,7323
1174,#雑文,7309
1175,#ニュースで語る,7303
1176,#国際結婚,7295
1177,#美容と健康,7294
1178,#コーチ,7287
1179,#ヨガインストラクター,7281
1180,#スポーツ観戦記,7279
1181,#パーソナルトレーニング,7257
1182,#ジャニーズ,7255
1183,#摂食障害,7250
1184,#言語化,7243
1185,#思考の整理,7242
1186,#万舟券,7240
1187,#カラオケ,7238
1188,#競艇女子,7222
1189,#BGM,7221
1190,#note大学新入生,7216
1191,#ゴルフ,7216
1192,#地域,7212
1193,#こころ,7210
1194,#カメラマン,7196
1195,#文章を書く,7189
1196,#紹介,7188
1197,#才能,7172
1198,#オーガニック,7170
1199,#フィルム写真,7168
1200,#蒲郡競艇予想,7163
1201,#英検,7153
1202,#薬剤師,7153
1203,#クラフトビール,7152
1204,#ブラック企業,7149
1205,#M5,7147
1206,#三国競艇,7145
1207,#幼児教育,7145
1208,#俳優,7139
1209,#クラシック,7138
1210,#数字選択式宝くじ,7131
1211,#サーフィン,7130
1212,#トラウマ,7125
1213,#後悔,7123
1214,#コンテンツ,7118
1215,#減量,7112
1216,#文芸,7112
1217,#ボディメイク,7103
1218,#ナンパ,7101
1219,#ネットショップ,7100
1220,#広報,7099
1221,#私の不思議体験,7097
1222,#開業,7094
1223,#元気,7091
1224,#オンラインイベント,7083
1225,#習い事,7082
1226,#環境問題,7082
1227,#創作にドラマあり,7075
1228,#フィクション,7071
1229,#あの失敗があったから,7063
1230,#鳴門競艇,7063
1231,#えんとつ町のプペル,7062
1232,#編集者,7042
1233,#最終レース,7034
1234,#求人,7027
1235,#山,7015
1236,#新しい働き方,7007
1237,#至福のスイーツ,7003
1238,#地方移住,6983
1239,#彼氏,6969
1240,#テクニカル分析,6967
1241,#ポケモンカード,6965
1242,#時間の使い方,6958
1243,#本屋,6957
1244,#新潟競馬,6938
1245,#no活,6937
1246,#マッサージ,6937
1247,#好きなもの,6933
1248,#掌編,6924
1249,#アスリート,6908
1250,#ハンドメイドアクセサリー,6904
1251,#別れ,6897
1252,#フリーザスタイル,6894
1253,#メインレース予想,6892
1254,#日々のこと,6887
1255,#jazz,6881
1256,#芸術の秋,6875
1257,#信頼,6875
1258,#ブログ初心者,6873
1259,#オンライン展覧会,6871
1260,#新年,6867
1261,#虐待,6857
1262,#友人,6848
1263,#ファスティング,6842
1264,#太陽,6829
1265,#幼稚園,6804
1266,#日本史,6803
1267,#G1,6801
1268,#地域活性化,6797
1269,#就活体験記,6793
1270,#noteおやつ部,6787
1271,#働く女性,6758
1272,#四コマ漫画,6753
1273,#Design,6751
1274,#函館競馬予想,6750
1275,#note初投稿,6748
1276,#クイズ,6745
1277,#バスケ,6744
1278,#ナンバーズ３,6738
1279,#映像,6734
1280,#国内旅行,6730
1281,#30代,6729
1282,#自己投資,6727
1283,#生産性,6725
1284,#ジム,6712
1285,#人,6707
1286,#投資信託,6696
1287,#ひきこもり,6692
1288,#香港,6680
1289,#drawing,6676
1290,#自己理解,6675
1291,#引きこもり,6673
1292,#水彩画,6673
1293,#富士山,6656
1294,#ギャグ,6652
1295,#カフェ巡り,6651
1296,#公務員,6650
1297,#あつまれどうぶつの森,6643
1298,#高校受験,6636
1299,#創作漫画,6633
1300,#共感,6631
1301,#ノート,6624
1302,#ロンドン,6618
1303,#自分らしい生き方,6617
1304,#ドライブ,6617
1305,#呼吸,6603
1306,#松山競輪,6600
1307,#妊婦,6594
1308,#アフリカ,6588
1309,#日経平均,6587
1310,#お金を稼ぐ,6587
1311,#機械学習,6582
1312,#インスタグラム,6582
1313,#ハンドメイド作家,6579
1314,#モノクロ,6575
1315,#食レポ,6574
1316,#弁護士,6570
1317,#stayhome,6564
1318,#辛い,6564
1319,#言霊,6563
1320,#小説家になろう,6551
1321,#集中力,6550
1322,#タロットカード,6544
1323,#彼女,6525
1324,#職場,6524
1325,#旅する日本語,6515
1326,#効率化,6512
1327,#長崎,6511
1328,#マガジン,6509
1329,#フェミニズム,6503
1330,#100日チャレンジ,6502
1331,#社会問題,6496
1332,#シナリオ,6489
1333,#ワクチン接種,6487
1334,#卒業,6483
1335,#年末,6472
1336,#楽しみ,6468
1337,#名前の由来,6463
1338,#本質,6445
1339,#ボートレース大村,6444
1340,#拡散希望,6442
1341,#OL,6439
1342,#Google,6435
1343,#宮島競艇,6433
1344,#身体,6432
1345,#全力で推したいゲーム,6427
1346,#cat,6426
1347,#夕焼け,6414
1348,#cakesコンテスト2020,6412
1349,#うつ状態,6404
1350,#実話,6395
1351,#ハーブ,6380
1352,#インスト,6378
1353,#差別,6372
1354,#メンタルトレーニング,6367
1355,#ノウハウ,6365
1356,#盛岡競馬,6363
1357,#転売,6363
1358,#面白い,6358
1359,#海外旅行記,6355
1360,#受験生,6350
1361,#楽しむ,6348
1362,#テニス,6345
1363,#紫陽花,6345
1364,#SaaS,6339
1365,#高校野球,6329
1366,#新型コロナウィルス,6325
1367,#2022年,6309
1368,#私のお店,6308
1369,#服,6303
1370,#大学院,6299
1371,#日経新聞,6291
1372,#企業,6291
1373,#standfm,6290
1374,#Illustrator,6290
1375,#馬券予想,6287
1376,#超ショートショート,6284
1377,#反省,6283
1378,#Kindle出版,6280
1379,#アナログ,6279
1380,#自立,6278
1381,#天然石,6275
1382,#恋愛テクニック,6273
1383,#note短歌部,6262
1384,#相場,6260
1385,#不思議,6249
1386,#挨拶,6248
1387,#旅とわたし,6243
1388,#最終レース予想,6240
1389,#授業,6239
1390,#お散歩,6239
1391,#1日1note,6238
1392,#SEO,6238
1393,#色,6237
1394,#エッセー,6232
1395,#貯金,6230
1396,#大学生活,6227
1397,#母親,6223
1398,#お風呂,6221
1399,#しあわせ,6214
1400,#ライトノベル,6214
1401,#せどり,6207
1402,#らくがき,6206
1403,#万馬券当てたい,6204
1404,#アドベントカレンダー,6202
1405,#陸上競技,6202
1406,#ビジョン,6178
1407,#スケッチ,6178
1408,#新型コロナ,6176
1409,#資金調達,6176
1410,#雑誌,6166
1411,#保育,6163
1412,#FXトレーダー,6160
1413,#日経225先物デイトレード,6158
1414,#旅のフォトアルバム,6134
1415,#価値,6127
1416,#波動,6124
1417,#地震,6124
1418,#イメージ,6121
1419,#二次創作,6113
1420,#札幌競馬予想,6102
1421,#何気ない日常,6101
1422,#丁寧な暮らし,6101
1423,#書道,6101
1424,#スタバ,6100
1425,#読書会,6099
1426,#伝える,6095
1427,#MTG,6094
1428,#スロット,6094
1429,#あつ森,6090
1430,#オンラインレッスン,6084
1431,#台風,6081
1432,#声,6080
1433,#豊かさ,6075
1434,#ベース,6070
1435,#解説,6068
1436,#poem,6068
1437,#投資家,6063
1438,#DJ,6050
1439,#思い込み,6047
1440,#ナイターレース,6046
1441,#自分探し,6039
1442,#大村競艇予想,6036
1443,#飛行機,6033
1444,#脳,6032
1445,#新入社員,6023
1446,#花言葉,6021
1447,#コンサルタント,6020
1448,#米国株投資,6019
1449,#ゲイ,6014
1450,#コピーライター,6006
1451,#新卒採用,6003
1452,#研修,5994
1453,#バスケットボール,5986
1454,#交換日記,5976
1455,#岡山,5975
1456,#事前予想,5973
1457,#アセンション,5959
1458,#blog,5959
1459,#親子関係,5958
1460,#免疫力,5958
1461,#運命,5957
1462,#ボート,5950
1463,#晩御飯,5950
1464,#配信,5945
1465,#楽器,5944
1466,#きっかけ,5941
1467,#令和,5933
1468,#運勢,5931
1469,#facebook,5924
1470,#魚,5922
1471,#行政書士,5907
1472,#オリジナルキャラクター,5906
1473,#目的,5906
1474,#ヴィーガン,5903
1475,#心と身体,5900
1476,#一次創作,5900
1477,#人生の生き方,5891
1478,#青空,5891
1479,#ストレス解消,5887
1480,#水,5886
1481,#生理,5885
1482,#季節,5885
1483,#ルーティン,5882
1484,#思い,5879
1485,#NHK,5878
1486,#書籍,5875
1487,#パドック,5871
1488,#くるくる予想,5869
1489,#似顔絵,5864
1490,#マヤ暦,5862
1491,#喜び,5847
1492,#新生活に向けて,5846
1493,#佐賀競馬予想,5846
1494,#ITエンジニア,5846
1495,#レポート,5844
1496,#東京都,5843
1497,#パチスロ攻略,5842
1498,#ロボット,5827
1499,#やってみた,5824
1500,#毎日日記,5815
1501,#営業マン,5808
1502,#分析,5805
1503,#父親,5798
1504,#副収入,5796
1505,#ドラム,5788
1506,#NFT,5783
1507,#コンプレックス,5782
1508,#水瓶座の時代,5780
1509,#仙台,5780
1510,#デジタルマーケティング,5776
1511,#日誌,5774
1512,#地方,5774
1513,#鬼万舟,5773
1514,#南関競馬予想,5771
1515,#死にたい,5769
1516,#銭湯,5766
1517,#大人のADHD,5762
1518,#クリスチャン,5756
1519,#AI予想,5754
1520,#バレンタイン,5749
1521,#ご当地グルメ,5738
1522,#英語日記,5738
1523,#ストーリー,5738
1524,#プレゼン,5736
1525,#ミュージカル,5726
1526,#ウマ娘,5725
1527,#紅茶,5724
1528,#世界史,5723
1529,#プロレス,5722
1530,#不安障害,5715
1531,#オリジナルアクセサリー,5713
1532,#UX,5707
1533,#自粛,5706
1534,#CD,5705
1535,#毒親育ち,5701
1536,#ワキガ予想屋,5697
1537,#お茶,5686
1538,#漢字,5686
1539,#決算,5685
1540,#姫路競馬,5683
1541,#論文,5680
1542,#高知ファイナル,5663
1543,#イライラ,5660
1544,#FUJIFILM,5659
1545,#お母さん,5659
1546,#文房具,5656
1547,#ありがとうございます,5655
1548,#年末年始,5655
1549,#本好きな人と繋がりたい,5652
1550,#復職,5645
1551,#天気,5644
1552,#感覚,5641
1553,#浮気,5640
1554,#ペットとの暮らし,5639
1555,#英語の勉強,5639
1556,#WEBデザイナー,5637
1557,#糖質制限ダイエット,5635
1558,#腸活,5631
1559,#新月,5630
1560,#自分磨き,5618
1561,#筆文字,5616
1562,#BL,5612
1563,#中小企業診断士,5611
1564,#日本人,5611
1565,#問題解決,5610
1566,#涙,5608
1567,#アイス,5608
1568,#FP,5605
1569,#男女,5602
1570,#笑い,5598
1571,#教養,5592
1572,#働くママ,5591
1573,#重賞,5590
1574,#東洋医学,5587
1575,#BTC,5579
1576,#複勝,5574
1577,#海外サッカー,5572
1578,#マレーシア,5570
1579,#実験,5560
1580,#Apex_Legends,5559
1581,#パワーストーン,5557
1582,#有料note,5553
1583,#スキル,5551
1584,#ゲストハウス,5550
1585,#あるある,5544
1586,#モテる方法,5540
1587,#デジタルイラスト,5540
1588,#靴,5537
1589,#休日の過ごし方,5535
1590,#パチスロ立ち回り,5526
1591,#リモートワークの日常,5524
1592,#ファンタジー小説,5522
1593,#フィンランド,5514
1594,#都市伝説,5511
1595,#講座,5506
1596,#恋活,5501
1597,#小泉社,5497
1598,#神,5496
1599,#景色,5496
1600,#北欧,5495
1601,#バーチャルYouTuber,5493
1602,#フォロワー,5488
1603,#簡単,5483
1604,#オカルト,5483
1605,#精神,5478
1606,#ジョギング,5477
1607,#若者,5477
1608,#乳がん,5473
1609,#スパイス,5473
1610,#海外ドラマ,5471
1611,#パチスロ店,5465
1612,#ダイエット記録,5463
1613,#料理好きな人と繋がりたい,5459
1614,#新宿,5455
1615,#チーム,5453
1616,#飲み会,5451
1617,#星,5449
1618,#UIデザイン,5448
1619,#マネー,5447
1620,#自己表現,5432
1621,#庭,5428
1622,#サブスク,5427
1623,#東大,5409
1624,#承認欲求,5408
1625,#結果,5407
1626,#人生論,5407
1627,#乃木坂46,5402
1628,#プログラミング学習,5399
1629,#手術,5398
1630,#街,5397
1631,#自己受容,5390
1632,#バー,5390
1633,#考え,5389
1634,#ドローイング,5385
1635,#プロテイン,5382
1636,#トランスジェンダー,5380
1637,#シンプルライフ,5376
1638,#シンガポール,5368
1639,#男性育休,5365
1640,#厳選予想,5364
1641,#片思い,5364
1642,#コラボ,5357
1643,#ワーケーション,5355
1644,#浄化,5354
1645,#頑張る,5345
1646,#キャッチコピー,5344
1647,#がん,5343
1648,#シェアハウス,5343
1649,#詐欺,5342
1650,#スタエフやろうぜ,5335
1651,#自民党,5335
1652,#鬱病,5328
1653,#副業の教科書,5327
1654,#介護福祉士,5327
1655,#noteコーヒー部,5321
1656,#コミュニケーションスキル,5315
1657,#書店,5304
1658,#本音,5297
1659,#別府競輪,5296
1660,#イベントレポート,5296
1661,#クリスマスの過ごし方,5291
1662,#お仕事,5291
1663,#柴犬,5287
1664,#ロシア,5284
1665,#リノベーション,5283
1666,#エシカル,5282
1667,#一日一絵,5279
1668,#結婚相談所,5278
1669,#心理学をもっと身近に,5274
1670,#嘘,5272
1671,#専業主婦,5269
1672,#bar,5268
1673,#ポケカ記事,5262
1674,#夫,5261
1675,#note毎日投稿,5257
1676,#発達障害グレーゾーン,5257
1677,#笠松競馬,5256
1678,#diary,5253
1679,#居場所,5251
1680,#奇跡,5251
1681,#戸田競艇,5246
1682,#自分語り,5244
1683,#ブロガー,5242
1684,#自律神経,5237
1685,#NPO,5236
1686,#フィリピン,5233
1687,#Kindle_Unlimited,5231
1688,#小さな幸せ,5230
1689,#PR,5218
1690,#tiktok,5215
1691,#金沢競馬,5215
1692,#23卒,5212
1693,#お正月,5210
1694,#メルマガ,5209
1695,#税理士,5206
1696,#回収率,5196
1697,#ビジネス英語,5191
1698,#スキルアップ,5191
1699,#ＪＲＡ,5186
1700,#話し方,5186
1701,#理想,5184
1702,#防災,5180
1703,#体験,5177
1704,#ミュージシャン,5174
1705,#ボートレース丸亀,5171
1706,#私の勝負曲,5168
1707,#Mac,5166
1708,#電気,5165
1709,#小倉競馬,5161
1710,#ボートレース芦屋,5157
1711,#Joker,5155
1712,#福岡競艇,5146
1713,#天使,5144
1714,#保険,5143
1715,#韓国語,5143
1716,#童話,5143
1717,#Twitter運用,5141
1718,#体験記,5136
1719,#思春期,5135
1720,#自分を知る,5135
1721,#姿勢,5132
1722,#指導者,5131
1723,#おいしいお店,5125
1724,#バンコク,5120
1725,#セールス,5118
1726,#妻,5116
1727,#デトックス,5112
1728,#尼崎競艇,5111
1729,#支援,5110
1730,#モーニング,5107
1731,#オンラインセミナー,5105
1732,#花粉症,5105
1733,#サスティナブル,5105
1734,#デザイン思考,5103
1735,#現実,5103
1736,#ボートレース若松,5101
1737,#接客,5096
1738,#頭痛,5093
1739,#大丈夫,5089
1740,#大学院生,5089
1741,#動物園,5088
1742,#水彩,5083
1743,#展示,5083
1744,#借金,5079
1745,#鹿児島,5078
1746,#note弁当部,5076
1747,#肩こり,5075
1748,#駄文,5074
1749,#学習塾,5072
1750,#餃子,5068
1751,#創作活動,5065
1752,#街歩き,5064
1753,#万車予想,5062
1754,#疲れた,5062
1755,#芦屋競艇予想,5060
1756,#バイナリーオプション,5060
1757,#思い出の曲,5060
1758,#物販ビジネス,5059
1759,#素直,5044
1760,#レッスン,5041
1761,#法律,5040
1762,#Vlog,5039
1763,#古典,5032
1764,#英語学習法,5028
1765,#語学学習,5026
1766,#遊戯王,5024
1767,#SNS活用,5024
1768,#パパ,5024
1769,#英単語,5023
1770,#シンプル,5023
1771,#将来の夢,5022
1772,#村上春樹,5022
1773,#Unity,5018
1774,#おにぎり,5017
1775,#東南アジア,5014
1776,#空想,5012
1777,#精神障害,5008
1778,#美肌,5005
1779,#お金の話,5003
1780,#人材,5003
1781,#三連複,5002
1782,#穴狙い,5001
1783,#地方競馬最終,4999
1784,#体重,4999
1785,#恋愛エッセイ,4996
1786,#サポート,4996
1787,#韓国ドラマ,4988
1788,#BASE,4981
1789,#スペイン語,4981
1790,#体調不良,4980
1791,#カレンダー,4980
1792,#ワーキングホリデー,4975
1793,#モデル,4975
1794,#発見,4973
1795,#夏の思い出,4971
1796,#寿司,4969
1797,#冒険,4966
1798,#ポジティブ思考,4965
1799,#love,4964
1800,#和食,4964
1801,#Photography,4959
1802,#独身,4958
1803,#パワースポット,4954
1804,#アンチエイジング,4945
1805,#ec,4941
1806,#心理カウンセラー,4941
1807,#無意識,4939
1808,#サービス,4939
1809,#楽天,4938
1810,#中穴予想,4936
1811,#重賞予想,4934
1812,#Tシャツ,4932
1813,#映画評,4917
1814,#夜景,4917
1815,#50代,4915
1816,#内観,4915
1817,#flower,4914
1818,#サイエンス,4912
1819,#恐怖,4910
1820,#嬉しい,4904
1821,#エクササイズ,4896
1822,#告知,4895
1823,#映画館,4894
1824,#風邪,4892
1825,#駆け出しエンジニア,4885
1826,#ねこ写真,4884
1827,#書く習慣,4883
1828,#母の日,4881
1829,#ロックダウン,4880
1830,#HipHop,4877
1831,#職場の人間関係,4876
1832,#帯広ばんえい競馬予想,4875
1833,#世界がリアルMATRIXだった件,4870
1834,#コンサルティング,4870
1835,#記念日,4870
1836,#Bリーグ,4869
1837,#アトピー,4869
1838,#SF小説,4865
1839,#豆知識,4865
1840,#小説家,4863
1841,#fire,4861
1842,#読んだ本,4850
1843,#薬,4849
1844,#トレーナー,4843
1845,#リーディング,4840
1846,#トイレ,4840
1847,#運,4837
1848,#モラハラ,4834
1849,#中途採用,4833
1850,#生きること,4833
1851,#依存症,4831
1852,#coffee,4827
1853,#決断,4824
1854,#青年海外協力隊,4822
1855,#難病,4822
1856,#福島県,4819
1857,#おじさん,4815
1858,#雨の日,4810
1859,#糖尿病,4809
1860,#愛情,4807
1861,#平和島競艇,4805
1862,#大垣競輪,4801
1863,#悪事がバレる時代,4796
1864,#うどん,4784
1865,#お店,4782
1866,#多摩川競艇,4781
1867,#wordpress,4774
1868,#歯医者,4773
1869,#南関東競馬,4771
1870,#ワンピース,4768
1871,#ライブハウス,4764
1872,#サプリメント,4759
1873,#香り,4759
1874,#経営戦略,4758
1875,#焼肉,4757
1876,#8月31日の夜に,4756
1877,#業界あるある,4756
1878,#思いやり,4755
1879,#カイロプラクティック,4751
1880,#ぼやき,4751
1881,#コピーライティング,4749
1882,#ちゅうハヤ,4741
1883,#ステイホーム,4738
1884,#ダイバーシティ,4737
1885,#fashion,4737
1886,#画家,4735
1887,#手書き,4732
1888,#アプリ開発,4725
1889,#九星気学,4723
1890,#手料理,4723
1891,#暗号通貨,4722
1892,#東京都パチスロ,4719
1893,#つれづれ,4719
1894,#140字小説,4718
1895,#人生を変えた一冊,4717
1896,#お菓子作り,4710
1897,#創作小説,4709
1898,#公認心理師,4707
1899,#資産,4703
1900,#noteクリエイター,4699
1901,#遠距離恋愛,4698
1902,#鉄板軸馬,4696
1903,#日報,4693
1904,#インフルエンサー,4692
1905,#自粛生活,4689
1906,#にじさんじ,4688
1907,#役者,4685
1908,#虹,4684
1909,#展覧会,4675
1910,#withコロナ,4661
1911,#静岡,4659
1912,#天才,4656
1913,#アファメーション,4655
1914,#競輪有料予想,4653
1915,#セブンイレブン,4651
1916,#製作日記,4650
1917,#UXデザイン,4637
1918,#トランプ,4634
1919,#星野源,4632
1920,#言語聴覚士,4629
1921,#銀座,4629
1922,#福島,4626
1923,#税金,4623
1924,#部活の思い出,4618
1925,#ご縁,4618
1926,#宇宙人,4618
1927,#図解,4617
1928,#radio,4617
1929,#畑,4616
1930,#児島競艇,4615
1931,#闘病記,4615
1932,#時短,4613
1933,#歌ってみた,4611
1934,#内省,4606
1935,#テレビ東京,4604
1936,#食育,4602
1937,#ドキュメンタリー,4602
1938,#純文学,4601
1939,#アラサーOL,4600
1940,#ヘルスケア,4596
1941,#イタリアン,4595
1942,#生活習慣,4594
1943,#抽象画,4593
1944,#私小説,4592
1945,#寒い日のおすすめ,4585
1946,#スイングトレード,4584
1947,#クラウド,4584
1948,#外食,4580
1949,#外国人,4576
1950,#フットサル,4575
1951,#可能性,4565
1952,#夕日,4565
1953,#美容院,4564
1954,#eSports,4559
1955,#和菓子,4555
1956,#新聞,4548
1957,#しゃかせん,4546
1958,#lGBTQ,4545
1959,#画像,4542
1960,#謎解き,4541
1961,#インドネシア,4540
1962,#コスプレ,4539
1963,#TRPG,4537
1964,#世界遺産,4537
1965,#レコード,4536
1966,#女子高生,4536
1967,#3連単,4534
1968,#組織開発,4532
1969,#禅,4532
1970,#お金持ち,4525
1971,#強み,4525
1972,#人生を変える,4523
1973,#年賀状,4522
1974,#アスペルガー,4519
1975,#連載長編小説,4516
1976,#通勤,4513
1977,#男性,4513
1978,#堀江貴文,4510
1979,#オランダ,4508
1980,#ドラえもん,4506
1981,#父親育児,4500
1982,#読書レビュー,4500
1983,#発信,4497
1984,#Webサービス,4494
1985,#ガーデニング,4489
1986,#カンボジア,4485
1987,#バラ,4485
1988,#読み聞かせ,4484
1989,#セッション,4480
1990,#常識,4478
1991,#対人関係,4476
1992,#文字,4476
1993,#短文,4476
1994,#手芸,4476
1995,#アクセサリー,4474
1996,#フランス語,4471
1997,#中学校,4470
1998,#万車券,4464
1999,#生と死,4463
